Delay,Tasks,STasks,OS_Threads,Execution_Time_sec,Warmup_sec,cumulative,phases,objects,pending_accesses,pending_misses,stack_recycles,stack_unbinds,stolen_from_pending,stolen_from_staged,stolen_to_pending,stolen_to_staged,task_duration,task_overhead,phase_duration,phase_overhead,resident,virtual,TOT_CYC,TOT_INS,L2_TCM,L2_TCA,L3_TCM,L3_TCA,idle_rate
1, 10000000, 0, 8, 4.697098404, 1.506489555, 9972803, 9973262, 1584, 20147572, 10247821, 9971611, 93504, 74260, 18903, 74524, 18903, 2349, 1403, 2349, 1403, 1311268864, 1502851072, 121168696736, 80624650979, 320690656, 539504367, 97395741, 320700964, 3739
1, 10000000, 0, 8, 4.824633358, 1.531674475, 10000096, 10000600, 1582, 20202869, 10394849, 9998529, 111976, 192596, 15694, 192596, 15694, 2402, 1449, 2402, 1449, 1310928896, 1501761536, 124923968853, 80531038282, 316192609, 537183766, 107782626, 316202741, 3762
1, 10000000, 0, 8, 4.748653049, 1.520401011, 10000087, 10000565, 1583, 20202738, 10343690, 9998516, 104969, 141533, 49804, 141533, 49804, 2358, 1428, 2358, 1428, 1311346688, 1502810112, 122685792914, 80826650742, 316280702, 535360308, 100070545, 316291188, 3771
1, 10000000, 0, 8, 4.800723667, 1.524812436, 9944538, 9945027, 1584, 20089766, 10277638, 9943593, 99720, 133179, 12411, 133176, 12511, 2381, 1464, 2381, 1464, 1312223232, 1503858688, 124169775511, 80316331430, 318822426, 535393827, 101138714, 318793243, 3807
1, 10000000, 0, 8, 4.755326358, 1.559481172, 10000098, 10000565, 1582, 20202886, 10324823, 9998529, 112421, 122426, 12484, 122426, 12484, 2393, 1399, 2393, 1399, 1311543296, 1502810112, 122958715562, 80819704886, 319507686, 538259307, 98672775, 319502414, 3690
1, 10000000, 0, 8, 4.613570345, 1.524671814, 10000096, 10000537, 1584, 20202815, 10251346, 9998524, 99939, 49097, 8897, 49093, 8897, 2345, 1330, 2345, 1330, 1311338496, 1502814208, 119137683709, 81106252138, 321495704, 540417209, 87383738, 321499349, 3619
1, 10000000, 0, 8, 4.751878021, 1.511205597, 9936347, 9936900, 1582, 20073272, 10232461, 9935393, 98913, 96103, 23652, 96100, 23652, 2378, 1435, 2378, 1435, 1311756288, 1502949376, 123067956261, 80237224558, 309589046, 527374634, 98320951, 309695089, 3763
1, 10000000, 0, 8, 4.818793358, 1.508276949, 10000093, 10000545, 1584, 20202968, 10342126, 9998525, 98528, 139739, 58703, 139738, 58703, 2376, 1465, 2376, 1465, 1311637504, 1502814208, 124720235385, 80713433453, 314894575, 534381359, 107246564, 314899571, 3814
1, 10000000, 0, 8, 4.824060149, 1.506773358, 9988483, 9988871, 1584, 20178494, 10395747, 9987324, 99591, 206158, 24987, 206155, 24987, 2366, 1478, 2365, 1478, 1311895552, 1502826496, 124507996104, 80818026571, 321693738, 539632027, 107826507, 321652187, 3846
1, 10000000, 0, 8, 4.812277488, 1.518908277, 9969057, 9969491, 1585, 20139327, 10339052, 9967628, 93358, 169700, 22906, 169705, 22906, 2391, 1458, 2391, 1458, 1311240192, 1502810112, 124134575984, 80586142552, 312301645, 534892750, 106463824, 312379713, 3788
2, 5000000, 0, 8, 2.772714471, 0.772089098, 5000097, 5000579, 1584, 10103149, 5145612, 4998523, 50059, 43008, 5505, 43012, 5505, 3354, 1061, 3354, 1061, 668225536, 859676672, 72049387490, 63470682625, 154909006, 266328517, 42125904, 154904551, 2403
2, 5000000, 0, 8, 2.770420991, 0.75649286, 5000090, 5000455, 1582, 10102906, 5141789, 4998525, 53218, 39375, 13220, 39375, 13220, 3355, 1062, 3355, 1061, 668033024, 859676672, 71806888339, 63560401767, 155612520, 267325801, 43206418, 155618073, 2404
2, 5000000, 0, 8, 2.761014242, 0.768411933, 5000086, 5000413, 1583, 10102780, 5135641, 4998516, 50059, 33317, 8524, 33314, 8524, 3359, 1036, 3359, 1036, 668106752, 859676672, 71755088718, 63477949270, 148853115, 260200482, 41230443, 148864398, 2357
2, 5000000, 0, 8, 2.755720367, 0.766420745, 5000089, 5000494, 1582, 10102804, 5126510, 4998519, 56263, 24213, 16973, 24212, 16973, 3358, 1036, 3358, 1036, 667975680, 859672576, 71599919845, 63489423332, 153387141, 264630875, 41842343, 153395659, 2357
2, 5000000, 0, 8, 2.750268926, 0.74024575, 5000096, 5000559, 1584, 10102815, 5129889, 4998529, 49834, 27664, 3906, 27662, 3906, 3340, 1041, 3340, 1041, 668082176, 859672576, 71360218310, 63502336243, 149545112, 261287769, 42405455, 149554166, 2377
2, 5000000, 0, 8, 2.770647193, 0.759140121, 5000088, 5000517, 1584, 10102763, 5163522, 4998520, 49834, 61305, 4355, 61301, 4355, 3343, 1062, 3342, 1062, 668168192, 859676672, 71987087559, 63540614446, 152115773, 262892382, 42803132, 152115464, 2412
2, 5000000, 0, 8, 2.759103319, 0.76476976, 5000094, 5000595, 1584, 10103181, 5143981, 4998523, 50212, 41403, 13024, 41402, 13024, 3353, 1047, 3353, 1047, 668020736, 859672576, 71616547253, 63491622693, 150163330, 261653465, 41723770, 150156396, 2380
2, 5000000, 0, 8, 2.767401876, 0.75757666, 5000094, 5000627, 1584, 10102810, 5140194, 4998519, 49900, 38032, 6419, 38032, 6419, 3367, 1043, 3367, 1043, 667979776, 859676672, 72018893314, 63454156109, 150332126, 261267865, 43251073, 150320979, 2365
2, 5000000, 0, 8, 2.797057725, 0.757560552, 5000099, 5000599, 1584, 10103141, 5151080, 4998527, 49920, 48575, 17405, 48576, 17405, 3364, 1089, 3364, 1089, 668106752, 859676672, 72644224977, 63558920951, 155352506, 265738454, 46925940, 155354722, 2445
2, 5000000, 0, 8, 2.780093314, 0.76568634, 5000091, 5000597, 1584, 10102428, 5134523, 4998515, 49606, 32704, 10307, 32701, 10307, 3377, 1055, 3377, 1055, 667881472, 858628096, 72409512400, 63428129393, 150887466, 261686147, 44992774, 150895823, 2380
4, 2500000, 0, 8, 1.963331816, 0.377382441, 2500097, 2500570, 1584, 5052585, 2559707, 2498526, 23493, 7718, 1907, 7719, 1907, 5332, 919, 5331, 919, 346025984, 537579520, 51586318152, 54797035405, 74090042, 130207913, 17972014, 74102849, 1470
4, 2500000, 0, 8, 1.973522904, 0.377493285, 2500093, 2500576, 1584, 5052954, 2562860, 2498522, 25028, 10517, 406, 10518, 406, 5351, 940, 5350, 940, 345993216, 537583616, 51799487310, 54765110330, 74358522, 130599487, 20166645, 74351744, 1494
4, 2500000, 0, 8, 1.966288727, 0.380197083, 2500089, 2500522, 1583, 5052641, 2561799, 2498517, 26630, 9703, 805, 9705, 805, 5360, 909, 5359, 909, 345993216, 537563136, 51666148550, 54781464330, 74984031, 130923377, 18931491, 74999943, 1450
4, 2500000, 0, 8, 1.964910183, 0.390710445, 2500094, 2500465, 1584, 5052516, 2563622, 2498521, 24983, 11600, 1903, 11601, 1903, 5342, 924, 5342, 924, 345944064, 537583616, 51604055017, 54791160789, 72904685, 129080675, 20050882, 72898373, 1475
4, 2500000, 0, 8, 1.960017644, 0.377620798, 2500099, 2500595, 1584, 5052981, 2563527, 2498529, 25073, 11161, 3566, 11160, 3566, 5334, 910, 5333, 910, 345980928, 537567232, 51465380517, 54814522510, 74400352, 130961178, 17861398, 74400279, 1458
4, 2500000, 0, 8, 1.976243121, 0.379351537, 2500082, 2500576, 1584, 5052639, 2561184, 2498511, 25086, 9151, 3503, 9151, 3503, 5343, 946, 5341, 946, 345939968, 537579520, 51948362914, 54784432787, 73889452, 129700734, 19986987, 73908567, 1504
4, 2500000, 0, 8, 1.954917603, 0.376752024, 2500092, 2500545, 1582, 5052642, 2556150, 2498523, 29794, 4076, 104, 4075, 104, 5328, 905, 5327, 905, 345944064, 537604096, 51285151121, 54816891796, 75712408, 131576784, 16958987, 75709511, 1452
4, 2500000, 0, 8, 1.974139943, 0.381265403, 2500089, 2500573, 1584, 5052900, 2563930, 2498518, 25003, 11616, 1104, 11616, 1104, 4981, 878, 4980, 878, 345997312, 537583616, 51915327812, 54764629421, 74421205, 130921573, 19716855, 74411701, 1499
4, 2500000, 0, 8, 1.955489595, 0.376012318, 2500091, 2500611, 1584, 5052886, 2560117, 2498520, 25103, 7862, 4103, 7859, 4103, 5329, 907, 5328, 907, 345960448, 537579520, 51392851563, 54816698476, 73448418, 130323994, 18000314, 73457477, 1454
4, 2500000, 0, 8, 1.954886549, 0.372223834, 2500098, 2500542, 1584, 5052968, 2560102, 2498525, 25084, 7699, 1006, 7697, 1006, 5325, 899, 5324, 898, 345919488, 537563136, 51310894379, 54805100937, 72756224, 129134568, 18111992, 72767191, 1444
5, 2000000, 0, 8, 1.83278475, 0.306856911, 2000093, 2000498, 1583, 4042795, 2050667, 1998525, 21294, 8397, 1705, 8397, 1705, 6338, 954, 6337, 954, 281509888, 473161728, 48298009342, 53028725122, 58998924, 104247075, 16224547, 58997387, 1309
5, 2000000, 0, 8, 1.830068478, 0.307308806, 2000096, 2000532, 1583, 4042564, 2047446, 1998526, 21341, 5387, 780, 5389, 780, 6354, 938, 6353, 937, 281559040, 473161728, 48171410650, 53024708724, 58572289, 103824359, 16653708, 58588064, 1286
5, 2000000, 0, 8, 1.827385276, 0.304400959, 2000091, 2000726, 1583, 4043140, 2048121, 1998520, 21291, 5672, 313, 5673, 313, 6358, 921, 6356, 920, 281550848, 473161728, 48115379593, 53042069952, 59129630, 104252999, 15141595, 59144429, 1265
5, 2000000, 0, 8, 1.813862301, 0.305347716, 2000095, 2000491, 1585, 4042941, 2045534, 1998522, 18829, 3150, 588, 3150, 588, 6335, 888, 6334, 888, 281600000, 473161728, 47881062737, 53028455772, 58156263, 103277059, 14358678, 58165994, 1230
5, 2000000, 0, 8, 1.82248348, 0.300956609, 2000090, 2000532, 1584, 4042737, 2048470, 1998515, 20067, 6291, 804, 6294, 804, 6342, 926, 6340, 926, 281591808, 473161728, 47967537638, 53046686335, 58905200, 104400060, 15313157, 58904837, 1274
5, 2000000, 0, 8, 1.824502691, 0.309874375, 2000099, 2000489, 1584, 4042929, 2045015, 1998527, 20077, 2585, 805, 2584, 805, 6348, 916, 6347, 915, 281501696, 473157632, 48062766611, 53038944395, 59114058, 104082663, 14140952, 59116205, 1261
5, 2000000, 0, 8, 1.824134793, 0.301975119, 2000090, 2000574, 1584, 4042906, 2050455, 1998516, 20053, 8149, 1005, 8148, 1005, 6355, 917, 6354, 916, 281522176, 473157632, 48069154567, 53020182785, 58237491, 103292978, 15725174, 58229280, 1261
5, 2000000, 0, 8, 1.818612812, 0.309386385, 2000089, 2000626, 1583, 4042861, 2051705, 1998516, 22552, 9488, 705, 9488, 705, 6329, 916, 6327, 916, 281427968, 473198592, 47989492447, 53046316961, 57760984, 103172996, 15720616, 57753585, 1264
5, 2000000, 0, 8, 1.814086552, 0.301906976, 2000106, 2000572, 1583, 4042860, 2050046, 1998533, 21294, 7787, 506, 7785, 506, 6333, 897, 6331, 897, 281530368, 473161728, 47847111409, 53040183217, 57627455, 103438754, 15149300, 57631031, 1241
5, 2000000, 0, 8, 1.822825343, 0.304584946, 2000098, 2000557, 1584, 4042676, 2048270, 1998527, 20052, 6201, 1706, 6202, 1706, 6357, 909, 6356, 909, 281530368, 473141248, 48101134213, 53009551824, 59453306, 104669690, 15557186, 59448352, 1251
8, 1250000, 0, 8, 1.612013673, 0.189028707, 1250091, 1250548, 1582, 2527665, 1281246, 1248523, 14142, 4151, 5, 4146, 5, 9317, 948, 9313, 948, 184827904, 376070144, 42746917174, 50408554040, 36794973, 65331114, 9892883, 36807085, 924
8, 1250000, 0, 8, 1.610008557, 0.189851491, 1250093, 1250535, 1583, 2527581, 1279245, 1248525, 13352, 2213, 455, 2211, 455, 9348, 923, 9345, 923, 184836096, 376066048, 42686140381, 50396412826, 36796822, 65454869, 9716099, 36801393, 899
8, 1250000, 0, 8, 1.61428344, 0.190343221, 1250096, 1250597, 1583, 2528012, 1280475, 1248527, 12595, 3102, 454, 3097, 454, 9339, 945, 9336, 945, 184872960, 376066048, 42806918892, 50393446378, 36830563, 65220937, 9903371, 36831332, 919
8, 1250000, 0, 8, 1.603284105, 0.193605233, 1250092, 1250597, 1583, 2527684, 1279450, 1248521, 13385, 2399, 106, 2397, 106, 9332, 890, 9328, 889, 184819712, 376066048, 42565545676, 50397025392, 35506240, 64282298, 8748474, 35509806, 870
8, 1250000, 0, 8, 1.602139319, 0.187253484, 1250095, 1250500, 1585, 2527741, 1279908, 1248525, 11801, 2618, 556, 2619, 556, 9318, 891, 9314, 891, 184860672, 376066048, 42570816089, 50396887799, 35993400, 64782260, 9367144, 36002229, 873
8, 1250000, 0, 8, 1.60544582, 0.195061922, 1250096, 1250589, 1581, 2527869, 1278881, 1248523, 14157, 1642, 255, 1640, 255, 9321, 909, 9317, 909, 184848384, 376070144, 42595901155, 50400115535, 36347754, 64789854, 9103695, 36362246, 889
8, 1250000, 0, 8, 1.607743578, 0.200469914, 1250097, 1250520, 1584, 2527856, 1279544, 1248526, 12598, 2248, 155, 2247, 155, 9347, 906, 9344, 905, 184803328, 376070144, 42677321059, 50396231863, 36929095, 65570205, 9901097, 36918623, 883
8, 1250000, 0, 8, 1.60671793, 0.189365478, 1250092, 1250460, 1584, 2527654, 1279710, 1248518, 12570, 2423, 8, 2425, 8, 9319, 911, 9316, 911, 184844288, 376070144, 42573143466, 50378383010, 36344102, 64950674, 9191679, 36347439, 891
8, 1250000, 0, 8, 1.607398041, 0.189159133, 1250086, 1250567, 1583, 2527739, 1279104, 1248513, 13380, 1952, 184, 1957, 184, 9336, 920, 9332, 920, 184877056, 376201216, 42611125274, 50404833956, 36061189, 64914817, 9757413, 36068101, 898
8, 1250000, 0, 8, 1.610101913, 0.19490778, 1250095, 1250614, 1583, 2527734, 1279161, 1248527, 13386, 2060, 254, 2058, 254, 9357, 908, 9353, 908, 184897536, 376070144, 42776717008, 50386337614, 36446974, 64911392, 9600420, 36447114, 885
10, 1000000, 0, 8, 1.536444948, 0.153554137, 1000098, 1000611, 1582, 2022865, 1023393, 998532, 10713, 1213, 207, 1207, 207, 11317, 916, 11311, 916, 152633344, 344317952, 40837478292, 49523132419, 28903873, 52198644, 7237038, 28911008, 749
10, 1000000, 0, 8, 1.537177545, 0.151932167, 1000085, 1000578, 1584, 2023263, 1023959, 998516, 10094, 1326, 5, 1325, 5, 11330, 921, 11325, 921, 152608768, 344330240, 40879113846, 49522227463, 28954351, 52095642, 7390052, 28971400, 752
10, 1000000, 0, 8, 1.541918651, 0.153133058, 1000091, 1000612, 1583, 2022853, 1024172, 998522, 10093, 1951, 605, 1948, 605, 12734, 1054, 12727, 1053, 152616960, 346415104, 41046156985, 49513580942, 29149718, 52262187, 7804377, 29162666, 764
10, 1000000, 0, 8, 1.533540657, 0.155774858, 1000097, 1000593, 1584, 2022913, 1025620, 998526, 10084, 3322, 307, 3319, 307, 11323, 907, 11317, 906, 152608768, 344313856, 40841188322, 49526469238, 28639418, 51794231, 7422132, 28630311, 742
10, 1000000, 0, 8, 1.533541938, 0.152168485, 1000089, 1000644, 1582, 2022958, 1024377, 998519, 11346, 2090, 505, 2090, 505, 11322, 901, 11316, 900, 152596480, 344313856, 40808296354, 49528097740, 28709961, 52042174, 7687134, 28731995, 737
10, 1000000, 0, 8, 1.538460386, 0.151634449, 1000103, 1000623, 1582, 2023185, 1024464, 998534, 10726, 1924, 7, 1921, 7, 11302, 948, 11296, 948, 152633344, 344317952, 40897460187, 49525668890, 29341226, 52663434, 7934108, 29342726, 774
10, 1000000, 0, 8, 1.533051299, 0.149915537, 1000089, 1000539, 1581, 2022947, 1023908, 998520, 11339, 1525, 6, 1522, 6, 11306, 911, 11301, 911, 152608768, 344313856, 40797322371, 49525442250, 29131690, 52319643, 7132233, 29125064, 746
10, 1000000, 0, 8, 1.535809126, 0.155596187, 1000093, 1000552, 1585, 2022605, 1023068, 998523, 9449, 1039, 5, 1037, 5, 11308, 914, 11303, 914, 152625152, 344371200, 40875902168, 49514502404, 29289774, 52335969, 7161766, 29295479, 748
10, 1000000, 0, 8, 1.53632227, 0.156585357, 1000094, 1000610, 1580, 2022934, 1024794, 998526, 12588, 2481, 106, 2478, 106, 11330, 920, 11324, 919, 152637440, 344317952, 40866514157, 49520100106, 29130045, 52346571, 7607553, 29128358, 751
10, 1000000, 0, 8, 1.536565485, 0.156974288, 1000095, 1000561, 1583, 2022600, 1023829, 998522, 10729, 1655, 105, 1654, 105, 11326, 902, 11321, 901, 152625152, 344317952, 40904982927, 49516022955, 28877473, 52045990, 7524663, 28873073, 737
20, 500000, 0, 8, 1.397327595, 0.075943226, 500087, 500570, 1583, 1012683, 513112, 498514, 5395, 1031, 107, 1031, 107, 21276, 987, 21255, 986, 88199168, 279912448, 37418133663, 47761350401, 14456857, 26554006, 3782840, 14453871, 443
20, 500000, 0, 8, 1.396105275, 0.078681013, 500087, 500542, 1582, 1012709, 512828, 498517, 5389, 727, 105, 724, 105, 21308, 951, 21288, 951, 88162304, 279891968, 37448221187, 47756063397, 14666075, 26554157, 3705844, 14660510, 427
20, 500000, 0, 8, 1.397772627, 0.07741858, 500085, 500439, 1584, 1012392, 512349, 498514, 5069, 431, 1, 433, 1, 21313, 972, 21297, 972, 88203264, 279896064, 37438880896, 47747179740, 14604022, 26623394, 3769468, 14607433, 436
20, 500000, 0, 8, 1.393347054, 0.076529755, 500095, 500528, 1584, 1012754, 512754, 498520, 5095, 542, 105, 544, 105, 21270, 938, 21251, 938, 88154112, 279896064, 37359725509, 47758255467, 14404093, 26531742, 3538644, 14395549, 422
20, 500000, 0, 8, 1.395028398, 0.078538801, 500089, 500534, 1583, 1012549, 512934, 498519, 5412, 927, 6, 927, 6, 21286, 931, 21266, 931, 88121344, 279896064, 37435216149, 47754940229, 14573632, 26679474, 3737061, 14568742, 419
20, 500000, 0, 8, 1.398372519, 0.075925187, 500089, 500541, 1583, 1012815, 513152, 498519, 5067, 892, 504, 890, 504, 21231, 1007, 21211, 1006, 88137728, 279896064, 37383222519, 47772474011, 14694229, 26846841, 3622874, 14700074, 453
20, 500000, 0, 8, 1.394831907, 0.076082949, 500097, 500606, 1583, 1012614, 512875, 498526, 5417, 760, 7, 759, 7, 21295, 942, 21273, 941, 88141824, 279891968, 37404510873, 47759645152, 14455898, 26516290, 3709512, 14454041, 424
20, 500000, 0, 8, 1.396817436, 0.076330347, 500087, 500540, 1584, 1012701, 512972, 498514, 5081, 854, 2, 859, 2, 21305, 981, 21285, 980, 88145920, 279896064, 37407785035, 47763125918, 14776968, 26911558, 3816601, 14786927, 440
20, 500000, 0, 8, 1.397874, 0.076459105, 500092, 500592, 1584, 1012814, 512853, 498520, 5078, 652, 7, 651, 7, 21281, 985, 21259, 985, 88166400, 279908352, 37430622902, 47758212962, 14893510, 26915860, 3622969, 14902516, 443
20, 500000, 0, 8, 1.395513822, 0.076923672, 500093, 500590, 1582, 1012722, 512812, 498522, 5408, 709, 6, 706, 6, 21282, 950, 21261, 949, 88178688, 279891968, 37435243297, 47759914612, 14423320, 26490163, 3794997, 14428073, 427
25, 400000, 0, 8, 1.363744388, 0.061877954, 400097, 400564, 1582, 810861, 410724, 398527, 4609, 459, 106, 459, 106, 26257, 930, 26226, 928, 75251712, 266260480, 36677619361, 47407540440, 11745613, 21482863, 2875453, 11744408, 342
25, 400000, 0, 8, 1.366134316, 0.062054244, 400096, 400592, 1582, 810482, 410469, 398527, 4325, 584, 6, 586, 6, 26244, 959, 26211, 958, 75063296, 266260480, 36718464587, 47406930682, 12166264, 21879261, 2791013, 12166999, 352
25, 400000, 0, 8, 1.368133004, 0.061717944, 400097, 400608, 1585, 810676, 411056, 398523, 3832, 1009, 108, 1008, 108, 26255, 979, 26221, 978, 75304960, 266248192, 36743856681, 47409687204, 11565654, 21368670, 3118076, 11570223, 360
25, 400000, 0, 8, 1.369871631, 0.062619856, 400093, 400527, 1585, 810829, 411274, 398522, 4061, 978, 5, 977, 5, 26241, 1024, 26212, 1023, 75288576, 266248192, 36723142496, 47411522515, 12031721, 21776379, 2911360, 12029839, 376
25, 400000, 0, 8, 1.367909131, 0.062595877, 400093, 400558, 1585, 810312, 410174, 398523, 3828, 441, 5, 440, 5, 24224, 900, 24195, 899, 75259904, 266248192, 36733216021, 47407462929, 11661328, 21500218, 2915288, 11665251, 358
25, 400000, 0, 8, 1.367605236, 0.061196653, 400095, 400544, 1584, 810564, 410719, 398522, 4069, 719, 5, 719, 5, 26306, 986, 26276, 985, 75264000, 266244096, 36732900592, 47408293187, 11955364, 21791016, 2912758, 11939156, 361
25, 400000, 0, 8, 1.368275643, 0.061645208, 400089, 400551, 1584, 810831, 410947, 398517, 4068, 688, 4, 685, 4, 26258, 990, 26226, 989, 75329536, 266260480, 36723354018, 47409963123, 11769495, 21626342, 2907966, 11786370, 363
25, 400000, 0, 8, 1.370718521, 0.062545971, 400090, 400470, 1583, 810384, 410574, 398516, 4057, 580, 5, 581, 5, 26271, 1000, 26246, 999, 75280384, 266244096, 36721962787, 47350242359, 11766355, 21608347, 3016030, 11769527, 367
25, 400000, 0, 8, 1.368169758, 0.062567338, 400095, 400594, 1583, 810637, 410533, 398526, 4097, 498, 4, 498, 4, 26244, 981, 26211, 980, 75280384, 266260480, 36750038485, 47405815448, 11837236, 21672411, 2992363, 11835268, 360
25, 400000, 0, 8, 1.372173248, 0.06220316, 400098, 400519, 1585, 810744, 411009, 398524, 3816, 818, 12, 819, 12, 26235, 1051, 26207, 1050, 75292672, 266244096, 36773088616, 47408952339, 11917599, 21780967, 3170353, 11924902, 385
40, 250000, 0, 8, 1.32909199, 0.037937677, 250087, 250560, 1583, 507873, 257715, 248512, 2751, 430, 5, 431, 5, 41224, 1152, 41143, 1150, 55963648, 247238656, 35716220156, 46873174304, 7812226, 14330437, 1837452, 7801142, 272
40, 250000, 0, 8, 1.324874644, 0.038310883, 250098, 250433, 1583, 507580, 257730, 248526, 2742, 606, 105, 604, 105, 41188, 1036, 41132, 1034, 55934976, 247238656, 35666926497, 46878629927, 7289590, 13780451, 1794241, 7286988, 245
40, 250000, 0, 8, 1.324463936, 0.039025698, 250093, 250529, 1582, 507456, 257294, 248521, 2753, 389, 5, 392, 5, 41202, 1018, 41128, 1017, 55951360, 247238656, 35680704649, 46874598367, 7456328, 13912607, 1744736, 7466562, 241
40, 250000, 0, 8, 1.329078047, 0.038833887, 250091, 250591, 1583, 507877, 257778, 248523, 2603, 483, 7, 480, 7, 41163, 1144, 41079, 1143, 55889920, 247222272, 35733797815, 46877209409, 7564558, 14053009, 1861580, 7568555, 271
40, 250000, 0, 8, 1.328869791, 0.038933141, 250089, 250527, 1582, 507442, 257293, 248521, 2736, 404, 4, 406, 4, 45748, 1270, 45666, 1268, 55939072, 247222272, 35707176733, 46874097218, 7636992, 14173658, 1824320, 7636419, 270
40, 250000, 0, 8, 1.328144907, 0.037780899, 250093, 250559, 1582, 507699, 257654, 248523, 2916, 550, 4, 552, 4, 41198, 1118, 41119, 1116, 55894016, 247226368, 35708581136, 46876353542, 7663218, 14251067, 1879345, 7670014, 264
40, 250000, 0, 8, 1.325479044, 0.037276723, 250097, 250604, 1581, 507704, 257810, 248526, 3086, 735, 105, 743, 105, 45662, 1173, 45567, 1171, 55939072, 247242752, 35681249871, 46879769372, 7528028, 14120391, 1937531, 7521069, 250
40, 250000, 0, 8, 1.327275652, 0.038990501, 250096, 250552, 1582, 507756, 257694, 248530, 2926, 498, 5, 493, 5, 41162, 1106, 41085, 1104, 55894016, 247222272, 35672233244, 46878041271, 7565621, 14095224, 1684504, 7550320, 262
40, 250000, 0, 8, 1.329110234, 0.039762259, 250095, 250526, 1585, 507503, 257622, 248519, 2445, 657, 11, 657, 11, 41217, 1134, 41145, 1132, 55959552, 247222272, 35733914994, 46875810275, 7674983, 14138034, 2021371, 7678037, 268
40, 250000, 0, 8, 1.32833727, 0.038041862, 250094, 250582, 1582, 507723, 257569, 248525, 2764, 468, 6, 466, 6, 41087, 1136, 41004, 1134, 55947264, 247242752, 35698994514, 46877445563, 7875624, 14446925, 1711574, 7888643, 269
50, 200000, 0, 8, 1.313765162, 0.032339226, 200092, 200540, 1582, 406603, 206408, 198523, 2341, 386, 2, 384, 2, 51157, 1171, 51040, 1169, 49479680, 240934912, 35365518615, 46698577574, 6293725, 11669746, 1433079, 6286927, 224
50, 200000, 0, 8, 1.314619566, 0.030275683, 200088, 200566, 1581, 406471, 206379, 198518, 2339, 499, 106, 499, 106, 51142, 1233, 51016, 1230, 49471488, 240930816, 35342131314, 46696949188, 6250411, 11636047, 1425469, 6257309, 235
50, 200000, 0, 8, 1.315595172, 0.031167859, 200085, 200426, 1584, 406594, 206554, 198509, 1944, 452, 4, 452, 4, 51134, 1249, 51043, 1246, 49364992, 240934912, 35368790732, 46699265696, 6165665, 11527383, 1451508, 6175820, 238
50, 200000, 0, 8, 1.313228061, 0.03091467, 200091, 200503, 1582, 406371, 206148, 198522, 2084, 289, 7, 291, 7, 51204, 1134, 51097, 1132, 49496064, 240930816, 35373513560, 46698687455, 6209265, 11556080, 1489018, 6223905, 217
50, 200000, 0, 8, 1.316408336, 0.030721699, 200089, 200599, 1584, 406418, 206197, 198520, 2101, 409, 4, 409, 4, 51137, 1269, 51004, 1266, 49496064, 240930816, 35386571497, 46698191356, 6332477, 11694848, 1518405, 6326758, 242
50, 200000, 0, 8, 1.3145993, 0.031650139, 200099, 200543, 1583, 406771, 206647, 198530, 2225, 427, 5, 427, 5, 51129, 1205, 51013, 1202, 49487872, 240947200, 35363049468, 46701300438, 6295940, 11622506, 1407179, 6297739, 230
50, 200000, 0, 8, 1.31675382, 0.031584505, 200095, 200547, 1585, 406427, 206236, 198522, 1963, 383, 5, 382, 5, 51197, 1285, 51079, 1284, 49524736, 240934912, 35393835103, 46702768529, 6373774, 11794430, 1441484, 6378641, 245
50, 200000, 0, 8, 1.313010113, 0.031861011, 200093, 200516, 1584, 407106, 207033, 198518, 2078, 469, 2, 470, 2, 51216, 1137, 51104, 1137, 49475584, 240934912, 35358281462, 46697899968, 6318532, 11674018, 1287443, 6310473, 218
50, 200000, 0, 8, 1.313914935, 0.032189306, 200094, 200569, 1584, 406636, 206402, 198521, 2087, 365, 6, 365, 6, 51157, 1152, 51032, 1149, 49479680, 240947200, 35386544872, 46699810546, 6227536, 11529118, 1477621, 6230328, 220
50, 200000, 0, 8, 1.314768975, 0.031634288, 200093, 200478, 1583, 406978, 206910, 198523, 2216, 419, 16, 419, 16, 51127, 1201, 51027, 1199, 49491968, 240934912, 35371540218, 46699056138, 6242743, 11677325, 1497882, 6241849, 230
100, 100000, 0, 8, 1.289834994, 0.01591699, 100095, 100547, 1584, 206285, 106046, 98525, 1089, 322, 3, 325, 3, 100955, 1763, 100492, 1756, 36544512, 228216832, 34721471653, 46351879951, 3346709, 6489021, 806482, 3356241, 172
100, 100000, 0, 8, 1.290988202, 0.015805529, 100091, 100554, 1583, 205184, 104900, 98522, 1128, 303, 5, 306, 5, 100972, 1842, 100503, 1835, 36655104, 228200448, 34730585016, 46349755161, 3519731, 6616331, 780288, 3519932, 179
100, 100000, 0, 8, 1.28280094, 0.014937085, 100098, 100539, 1582, 205657, 105485, 98528, 1230, 379, 107, 379, 107, 100538, 1378, 100088, 1377, 36622336, 228216832, 34617265339, 46345669671, 3226836, 6344791, 651162, 3226011, 135
100, 100000, 0, 8, 1.285532073, 0.014401217, 100090, 100607, 1583, 206336, 106127, 98521, 1023, 412, 104, 409, 104, 100681, 1586, 100151, 1579, 36622336, 228220928, 34655382762, 46351707662, 3250016, 6359472, 750565, 3246378, 155
100, 100000, 0, 8, 1.282651837, 0.015081371, 100092, 100604, 1583, 205547, 105318, 98524, 1092, 370, 106, 368, 106, 100724, 1373, 100203, 1366, 36597760, 228204544, 34621861135, 46343622649, 3216496, 6319128, 663559, 3223467, 134
100, 100000, 0, 8, 1.289862906, 0.015725658, 100091, 100573, 1583, 205431, 105144, 98519, 1143, 302, 2, 302, 2, 100978, 1787, 100485, 1779, 36364288, 228204544, 34713502106, 46349139522, 3419756, 6592746, 757984, 3430479, 174
100, 100000, 0, 8, 1.282048838, 0.015459324, 100092, 100644, 1584, 205911, 105808, 98520, 1102, 453, 105, 453, 105, 100715, 1325, 100153, 1318, 36564992, 228200448, 34626530698, 46342554914, 3214692, 6265735, 658037, 3204125, 130
100, 100000, 0, 8, 1.284231785, 0.014937686, 100100, 100585, 1585, 205951, 105706, 98529, 1012, 356, 108, 356, 108, 100744, 1475, 100252, 1475, 36634624, 228204544, 34644983091, 46350282755, 3231598, 6339856, 684511, 3229940, 145
100, 100000, 0, 8, 1.290767718, 0.016126494, 100093, 100637, 1581, 207216, 106885, 98525, 1222, 310, 4, 309, 4, 101071, 1842, 100512, 1840, 36642816, 228335616, 34720911621, 46353248804, 3357619, 6547174, 785941, 3356123, 180
100, 100000, 0, 8, 1.291535956, 0.015921784, 100089, 100456, 1583, 206221, 105944, 98517, 1081, 193, 6, 193, 6, 100815, 1886, 100442, 1879, 36605952, 228204544, 34710399466, 46345917960, 3388103, 6494712, 749975, 3381087, 184
125, 80000, 0, 8, 1.283911689, 0.01304213, 80087, 80508, 1583, 164070, 83819, 78518, 876, 268, 7, 267, 7, 125714, 1970, 125042, 1961, 34029568, 225054720, 34569472288, 46273861556, 2737941, 5465932, 642246, 2735799, 154
125, 80000, 0, 8, 1.279904444, 0.012011158, 80088, 80574, 1583, 164107, 83855, 78514, 944, 357, 103, 356, 103, 125638, 1767, 124866, 1756, 34004992, 225058816, 34517485573, 46275321129, 2635575, 5271474, 605012, 2642744, 138
125, 80000, 0, 8, 1.28417838, 0.013319083, 80087, 80542, 1584, 164093, 83824, 78512, 876, 295, 5, 297, 5, 125668, 1987, 124947, 1978, 34021376, 225058816, 34572665390, 46273834725, 2787074, 5499777, 643185, 2781640, 156
125, 80000, 0, 8, 1.283895662, 0.012937016, 80098, 80599, 1584, 164381, 84023, 78528, 886, 270, 4, 274, 4, 125522, 1950, 124716, 1938, 34054144, 225058816, 34574710795, 46273214208, 2782098, 5460766, 637911, 2786580, 153
125, 80000, 0, 8, 1.281444337, 0.013485897, 80094, 80530, 1582, 164473, 84168, 78531, 996, 250, 6, 251, 6, 139921, 1875, 139141, 1869, 34037760, 225075200, 30248928848, 40479065061, 2381660, 4715073, 572839, 2390222, 132
125, 80000, 0, 8, 1.284244121, 0.013109247, 80085, 80535, 1583, 164335, 84032, 78516, 938, 291, 4, 291, 4, 125550, 1984, 124833, 1974, 34037760, 225058816, 34589872906, 46281588835, 2860761, 5547884, 687409, 2860925, 156
125, 80000, 0, 8, 1.282821717, 0.012902278, 80091, 80464, 1584, 164085, 83903, 78519, 928, 310, 5, 309, 5, 125847, 1826, 125253, 1818, 34000896, 225058816, 34592391965, 46276605703, 2779089, 5435177, 664930, 2784141, 143
125, 80000, 0, 8, 1.283662705, 0.01286622, 80089, 80590, 1581, 164163, 83835, 78519, 942, 284, 3, 286, 3, 125760, 1943, 124967, 1935, 34041856, 225058816, 34576165929, 46273567874, 2781666, 5477052, 651672, 2784533, 152
125, 80000, 0, 8, 1.28439046, 0.01273347, 80093, 80558, 1584, 164270, 83951, 78521, 884, 284, 4, 283, 4, 125509, 2016, 124769, 2005, 34021376, 225054720, 34574927138, 46276103081, 2798209, 5498191, 613806, 2803390, 158
125, 80000, 0, 8, 1.284200116, 0.012697887, 80093, 80603, 1582, 164477, 84168, 78522, 1004, 321, 6, 322, 6, 125614, 2002, 124810, 1991, 33718272, 225058816, 34569657159, 46277206531, 2770901, 5509936, 612356, 2774422, 157
200, 50000, 0, 8, 1.276617738, 0.008555757, 50101, 50567, 1584, 104093, 53728, 48529, 544, 222, 7, 220, 7, 200482, 2791, 198605, 2766, 30150656, 221913088, 34383347090, 46170439694, 1966951, 4038127, 447629, 1984514, 137
200, 50000, 0, 8, 1.274921781, 0.008129784, 50121, 50557, 1583, 103917, 53530, 48552, 656, 260, 5, 264, 5, 220808, 2807, 218857, 2784, 30175232, 221908992, 34374912639, 46169358943, 1913637, 3976014, 420252, 1909959, 125
200, 50000, 0, 8, 1.274954598, 0.008171459, 50092, 50571, 1583, 103812, 53444, 48521, 638, 226, 4, 225, 4, 200218, 2508, 198295, 2486, 30150656, 221913088, 34378061967, 46168247478, 1860540, 3889487, 448675, 1865636, 124
200, 50000, 0, 8, 1.271997037, 0.007724521, 50104, 50554, 1584, 104251, 54048, 48535, 624, 349, 108, 348, 108, 199699, 2347, 197888, 2327, 30162944, 221913088, 34321632931, 46167363084, 1848833, 3857230, 354588, 1840527, 116
200, 50000, 0, 8, 1.277429877, 0.008602784, 50104, 50446, 1583, 103799, 53558, 48534, 618, 229, 5, 227, 5, 200169, 2871, 198805, 2852, 29995008, 221908992, 34316400834, 46069766050, 1951662, 4017779, 462508, 1954256, 141
200, 50000, 0, 8, 1.271060782, 0.00773689, 50094, 50579, 1583, 103934, 53694, 48525, 641, 344, 105, 344, 105, 200050, 2187, 198098, 2167, 30101504, 221908992, 34332328242, 46169789952, 1764318, 3729037, 392676, 1779748, 108
200, 50000, 0, 8, 1.278131851, 0.008352841, 50097, 50585, 1583, 103822, 53395, 48527, 593, 204, 4, 204, 4, 200257, 3041, 198284, 3018, 30101504, 221892608, 34379454878, 46170332443, 1932338, 4032251, 393187, 1938136, 150
200, 50000, 0, 8, 1.274892608, 0.008320115, 50098, 50562, 1583, 103793, 53481, 48531, 638, 248, 5, 248, 5, 200104, 2521, 198246, 2499, 30195712, 221913088, 34376863588, 46169092958, 1890227, 3933006, 426190, 1898678, 124
200, 50000, 0, 8, 1.277051968, 0.00825872, 50104, 50529, 1584, 103733, 53425, 48530, 596, 241, 4, 240, 4, 199762, 2862, 198068, 2840, 30121984, 221913088, 34378736857, 46167299590, 1964259, 3991110, 413128, 1966377, 141
200, 50000, 0, 8, 1.275674098, 0.008093036, 50104, 50451, 1584, 103694, 53466, 48530, 584, 242, 7, 241, 7, 221299, 2896, 219706, 2877, 30138368, 221913088, 34372151565, 46172485365, 1900035, 3935614, 410673, 1921239, 129
250, 40000, 0, 8, 1.274952924, 0.006880289, 40097, 40544, 1583, 83930, 43579, 38529, 529, 211, 5, 211, 5, 249556, 3515, 246747, 3480, 28844032, 219951104, 34320731955, 46141401401, 1669392, 3524253, 384736, 1674328, 139
250, 40000, 0, 8, 1.273052879, 0.006913024, 40093, 40546, 1583, 83692, 43351, 38523, 493, 230, 6, 229, 6, 249420, 3111, 246616, 3087, 28893184, 219811840, 34312916411, 46133827980, 1658738, 3468269, 366783, 1661638, 123
250, 40000, 0, 8, 1.273039324, 0.006999286, 40099, 40546, 1584, 84831, 44503, 38527, 474, 228, 7, 230, 7, 249259, 3080, 246464, 3047, 28868608, 219811840, 34311611906, 46131802697, 1639026, 3396851, 373786, 1634071, 122
250, 40000, 0, 8, 1.274625608, 0.006909965, 40087, 40608, 1582, 84037, 43607, 38519, 544, 210, 4, 209, 4, 249744, 3414, 246511, 3377, 28856320, 219811840, 34313487802, 46134970216, 1647170, 3511460, 345940, 1639594, 135
250, 40000, 0, 8, 1.269735463, 0.005934465, 40100, 40610, 1580, 83899, 43656, 38534, 619, 372, 107, 371, 107, 249609, 2750, 246434, 2717, 28614656, 219815936, 34273422619, 46133607705, 1553991, 3343630, 320985, 1565563, 109
250, 40000, 0, 8, 1.274063272, 0.006904346, 40094, 40616, 1584, 84319, 43910, 38524, 496, 227, 5, 225, 5, 249694, 3297, 246462, 3259, 28835840, 219811840, 34319003925, 46137709680, 1627821, 3463289, 370842, 1641677, 130
250, 40000, 0, 8, 1.274114108, 0.006735767, 40095, 40534, 1584, 83516, 43161, 38519, 503, 210, 5, 211, 5, 249726, 3343, 246951, 3308, 28889088, 219811840, 34312235864, 46134017508, 1642194, 3482479, 365029, 1645787, 132
250, 40000, 0, 8, 1.271768761, 0.0066225, 40098, 40610, 1582, 84320, 43902, 38530, 559, 227, 4, 227, 4, 249659, 2879, 246446, 2842, 28839936, 219815936, 34306945387, 46137265055, 1603960, 3452016, 352793, 1597919, 114
250, 40000, 0, 8, 1.273725577, 0.006787182, 40091, 40602, 1583, 84478, 44080, 38518, 479, 217, 4, 216, 4, 249834, 3278, 246655, 3237, 28893184, 219815936, 34316351716, 46136467828, 1664859, 3442059, 378010, 1671202, 130
250, 40000, 0, 8, 1.2740854, 0.007092621, 40096, 40580, 1583, 83727, 43298, 38527, 524, 206, 6, 206, 6, 249542, 3319, 246508, 3280, 28848128, 219795456, 34315874324, 46131845472, 1647291, 3512405, 357742, 1655880, 131
500, 20000, 0, 8, 1.26649022, 0.003411003, 20129, 20575, 1584, 43870, 23706, 18554, 297, 402, 107, 404, 107, 496863, 5200, 485865, 5090, 26296320, 217714688, 34165085705, 46059130553, 1056658, 2457054, 227117, 1049255, 103
500, 20000, 0, 8, 1.263738944, 0.003274887, 20092, 20571, 1583, 43028, 22843, 18520, 313, 406, 106, 408, 106, 497154, 4167, 485445, 4074, 26292224, 217698304, 34157922207, 46053474637, 1060229, 2395682, 226660, 1070712, 83
500, 20000, 0, 8, 1.267692951, 0.003994723, 20105, 20669, 1582, 44886, 24429, 18535, 328, 207, 3, 207, 3, 496489, 5447, 482834, 5300, 26251264, 217702400, 34181877492, 46058450327, 1079952, 2469580, 247645, 1081773, 109
500, 20000, 0, 8, 1.267860235, 0.00385392, 20119, 20578, 1583, 44077, 23700, 18550, 313, 193, 4, 193, 4, 496289, 5484, 485108, 5361, 26296320, 217702400, 34182748296, 46061884131, 1074246, 2484785, 232343, 1082657, 109
500, 20000, 0, 8, 1.26361552, 0.003329859, 20101, 20629, 1582, 44490, 24246, 18534, 302, 390, 107, 386, 107, 496487, 4098, 483600, 3994, 26275840, 217698304, 34168002727, 46062270615, 1043371, 2437062, 224844, 1075296, 82
500, 20000, 0, 8, 1.269057348, 0.003849534, 20115, 20614, 1584, 43924, 23531, 18540, 322, 196, 5, 196, 5, 495933, 5977, 483770, 5833, 26288128, 217698304, 34181303382, 46059967420, 1025223, 2420232, 264498, 1035023, 119
500, 20000, 0, 8, 1.269466056, 0.003791508, 20115, 20649, 1583, 43865, 23426, 18548, 322, 198, 5, 194, 5, 497056, 6130, 484070, 5973, 26292224, 217714688, 34158332020, 46025071892, 1067919, 2510395, 239996, 1084281, 122
500, 20000, 0, 8, 1.264417989, 0.003406659, 20107, 20440, 1584, 43823, 23725, 18534, 281, 376, 108, 378, 108, 495207, 4346, 486963, 4283, 26304512, 217714688, 34162615043, 46059881325, 1053432, 2427808, 236154, 1070659, 87
500, 20000, 0, 8, 1.268740043, 0.003668032, 20138, 20584, 1582, 44124, 23763, 18568, 348, 192, 7, 191, 7, 495528, 5840, 484572, 5723, 26316800, 217718784, 34179250872, 46061574848, 1091743, 2495592, 221234, 1094060, 116
500, 20000, 0, 8, 1.268770617, 0.003707521, 20112, 20566, 1580, 44224, 23862, 18544, 356, 176, 5, 178, 5, 496503, 5835, 485338, 5705, 26292224, 217718784, 34186971000, 46062554340, 1052535, 2495059, 248121, 1062315, 116
625, 16000, 0, 8, 1.267300895, 0.003368274, 16129, 16574, 1584, 35451, 19066, 14556, 249, 160, 5, 160, 5, 618833, 6888, 601836, 6702, 25747456, 216653824, 34159506004, 46048973668, 991156, 2318714, 213459, 997087, 110
625, 16000, 0, 8, 1.263891312, 0.003112626, 16185, 16577, 1584, 36648, 20531, 14613, 249, 392, 107, 392, 107, 616633, 5383, 601844, 5257, 25550848, 216670208, 34136634908, 46048028043, 974495, 2308569, 184213, 964339, 87
625, 16000, 0, 8, 1.264489656, 0.003226044, 16147, 16504, 1584, 35868, 19804, 14574, 236, 413, 106, 416, 106, 617205, 5695, 603537, 5576, 25833472, 216670208, 34134684868, 46046651148, 903490, 2265608, 213384, 906760, 91
625, 16000, 0, 8, 1.268315037, 0.003125527, 16150, 16604, 1583, 36635, 20251, 14580, 287, 188, 6, 186, 6, 618632, 7415, 601587, 7214, 25726976, 216653824, 34160360985, 46048958333, 999554, 2374528, 217676, 998741, 119
625, 16000, 0, 8, 1.267299612, 0.003254078, 16105, 16590, 1584, 35368, 18955, 14533, 263, 183, 4, 185, 4, 620704, 6963, 602359, 6761, 25784320, 216649728, 34152845701, 46046693828, 947718, 2265853, 216730, 950571, 111
625, 16000, 0, 8, 1.267536199, 0.003318722, 16120, 16530, 1583, 36579, 20227, 14551, 253, 175, 3, 174, 3, 619474, 6989, 603901, 6814, 25776128, 216666112, 34163200354, 46053192969, 988751, 2297121, 217514, 987669, 111
625, 16000, 0, 8, 1.268113838, 0.003295605, 16130, 16523, 1584, 37113, 20786, 14559, 269, 165, 3, 165, 3, 619200, 7294, 604190, 7118, 25759744, 216666112, 34157230677, 46049176674, 1000507, 2358784, 198738, 1011838, 116
625, 16000, 0, 8, 1.267405151, 0.003130801, 16188, 16683, 1584, 36098, 19689, 14619, 309, 186, 4, 187, 4, 616241, 6929, 597758, 6725, 25755648, 216653824, 34155599666, 46047183443, 970166, 2365041, 207352, 984094, 111
625, 16000, 0, 8, 1.269742531, 0.003147637, 16135, 16586, 1583, 36624, 20306, 14565, 284, 175, 3, 175, 3, 617844, 8120, 600876, 7899, 25763840, 216666112, 34163184962, 46049520093, 971177, 2348507, 237514, 981273, 130
625, 16000, 0, 8, 1.267142837, 0.003229803, 16111, 16473, 1583, 35210, 18908, 14543, 267, 169, 6, 168, 6, 618834, 6856, 604773, 6704, 25833472, 216666112, 34151805865, 46049227615, 941096, 2281766, 209708, 942683, 109
1000, 10000, 0, 8, 1.265843629, 0.002297393, 10340, 10825, 1584, 24650, 14221, 8772, 303, 171, 7, 169, 7, 963226, 10424, 919267, 9952, 25014272, 216670208, 34118267912, 46031912342, 775596, 2179682, 173628, 785223, 107
1000, 10000, 0, 8, 1.266480916, 0.002429407, 10264, 10637, 1585, 24614, 14328, 8692, 249, 180, 5, 178, 5, 971468, 10956, 936907, 10572, 25042944, 216670208, 34119322942, 46033015119, 775794, 2081273, 197533, 786730, 111
1000, 10000, 0, 8, 1.264187481, 0.002232984, 10294, 10752, 1585, 25363, 15174, 8721, 168, 417, 153, 416, 153, 968060, 9418, 926347, 9013, 24989696, 216653824, 34108757370, 46031316987, 778436, 2068325, 177670, 771059, 96
1000, 10000, 0, 8, 1.265932807, 0.002235425, 10159, 10682, 1584, 23942, 13479, 8585, 211, 172, 6, 177, 6, 980923, 10730, 932174, 10212, 25047040, 216666112, 34120723390, 46030916378, 787842, 1980105, 182072, 786892, 109
1000, 10000, 0, 8, 1.266503308, 0.002281449, 10126, 10612, 1584, 23795, 13367, 8554, 207, 179, 4, 180, 4, 984952, 11267, 939205, 10777, 24993792, 216666112, 34116919087, 46032059891, 778916, 1984103, 184163, 776167, 113
1000, 10000, 0, 8, 1.267213186, 0.002530454, 10170, 10659, 1585, 26104, 15686, 8597, 198, 182, 6, 184, 6, 978765, 11640, 932865, 11099, 25026560, 216653824, 34128749448, 46035471105, 806609, 2034255, 199763, 823479, 118
1000, 10000, 0, 8, 1.266504582, 0.002649813, 10183, 10580, 1584, 25671, 15297, 8611, 173, 183, 2, 181, 2, 979185, 10796, 941950, 10389, 24985600, 216666112, 34127368256, 46033907415, 845414, 2044347, 193510, 853577, 109
1000, 10000, 0, 8, 1.263806469, 0.002096358, 10146, 10647, 1582, 24837, 14654, 8573, 192, 412, 157, 412, 157, 981992, 9269, 934859, 8828, 24924160, 216670208, 34113986183, 46031868094, 794918, 1980936, 193082, 806314, 93
1000, 10000, 0, 8, 1.265532199, 0.00226555, 10188, 10736, 1584, 26299, 16037, 8618, 258, 405, 107, 405, 107, 977193, 10516, 926334, 9973, 24952832, 216649728, 34116566350, 46032444406, 820540, 2025676, 205317, 844976, 106
1000, 10000, 0, 8, 1.266473446, 0.002383042, 10203, 10725, 1583, 25615, 15179, 8634, 295, 191, 4, 193, 4, 975690, 11078, 927829, 10536, 25010176, 216666112, 34122383923, 46032326634, 799776, 2041934, 189752, 801696, 113
1250, 8000, 0, 8, 1.266204875, 0.002077863, 8126, 8627, 1582, 20629, 12186, 6555, 213, 179, 3, 179, 3, 1225063, 13976, 1153210, 13160, 24760320, 215621632, 34105928619, 46021322916, 739302, 1884718, 183145, 748945, 113
1250, 8000, 0, 8, 1.262288883, 0.001666747, 8144, 8631, 1584, 21552, 13370, 6569, 172, 409, 108, 411, 108, 1223612, 10539, 1153059, 9940, 24719360, 215601152, 34101421998, 46026966806, 744225, 1861437, 178127, 747719, 85
1250, 8000, 0, 8, 1.266660699, 0.001938405, 8227, 8673, 1584, 21853, 13469, 6654, 225, 175, 6, 177, 6, 1210059, 14216, 1147428, 13487, 24735744, 215621632, 34112307607, 46030606959, 786914, 2079438, 183513, 785910, 116
1250, 8000, 0, 8, 1.266856894, 0.001967799, 8153, 8676, 1583, 21677, 13212, 6581, 194, 174, 5, 175, 5, 1221803, 14566, 1146635, 13678, 24776704, 216649728, 34117064700, 46027381378, 774094, 1930445, 190454, 790150, 118
1250, 8000, 0, 8, 1.266407981, 0.002225252, 8175, 8625, 1584, 22129, 13734, 6601, 152, 166, 4, 169, 4, 1217146, 13923, 1151873, 13180, 24793088, 215617536, 34120666852, 46029319750, 817919, 1990432, 208785, 813325, 113
1250, 8000, 0, 8, 1.267239973, 0.002128975, 8292, 8778, 1583, 22636, 14194, 6723, 356, 181, 4, 180, 4, 1201036, 14533, 1133837, 13723, 24735744, 215621632, 34111577474, 46027851541, 783417, 2128847, 165035, 786060, 120
1250, 8000, 0, 8, 1.263777312, 0.001922564, 8191, 8677, 1580, 22079, 13881, 6626, 202, 397, 204, 397, 204, 1218396, 11776, 1149427, 11117, 24748032, 215621632, 34099695379, 46021035417, 755973, 1966813, 189165, 778576, 96
1250, 8000, 0, 8, 1.265986195, 0.001880986, 8223, 8642, 1582, 22009, 13642, 6649, 157, 158, 8, 159, 8, 1211256, 13602, 1151547, 12942, 24772608, 215617536, 34117305676, 46032709571, 782972, 2042977, 191312, 801937, 111
1250, 8000, 0, 8, 1.267952392, 0.002028819, 8209, 8704, 1585, 22218, 13770, 6641, 217, 164, 7, 168, 7, 1212054, 15486, 1141953, 14595, 24784896, 215621632, 34119338042, 46029668796, 812757, 2019651, 186123, 811693, 126
1250, 8000, 0, 8, 1.265988338, 0.002026025, 8212, 8612, 1584, 22295, 13926, 6644, 187, 155, 6, 157, 6, 1210890, 13467, 1153377, 12834, 24723456, 215621632, 34117380464, 46026707205, 795603, 2022042, 183972, 804858, 110
2500, 4000, 0, 8, 1.265743494, 0.001432287, 4348, 4764, 1583, 16764, 12396, 2774, 240, 181, 4, 182, 4, 2284831, 26069, 2082359, 23801, 24244224, 215621632, 34101843381, 46025718769, 687358, 1977181, 190756, 701084, 113
2500, 4000, 0, 8, 1.265615478, 0.001446055, 4335, 4755, 1584, 18002, 13648, 2763, 130, 172, 3, 174, 3, 2296389, 25993, 2090394, 23670, 24252416, 215617536, 34098478388, 46022787808, 729219, 1981573, 189427, 721364, 112
2500, 4000, 0, 8, 1.26509941, 0.001424314, 4312, 4852, 1583, 19213, 14739, 2744, 144, 190, 4, 185, 4, 2303304, 25123, 2045442, 22325, 24215552, 215617536, 34112285201, 46030154988, 731025, 1940367, 205840, 726720, 108
2500, 4000, 0, 8, 1.26611113, 0.001395232, 4351, 4809, 1583, 16441, 12035, 2779, 269, 156, 5, 158, 5, 2542826, 29881, 2298773, 27022, 24260608, 215617536, 34095204831, 46020578807, 661256, 1989908, 178824, 667006, 116
2500, 4000, 0, 8, 1.266992906, 0.001444361, 4517, 5036, 1583, 18324, 13842, 2945, 353, 171, 7, 175, 7, 2202800, 27232, 1970441, 24376, 24170496, 215621632, 34090859362, 46022321030, 709394, 2271907, 137735, 713953, 122
2500, 4000, 0, 8, 1.266474778, 0.00138169, 4147, 4658, 1584, 11669, 7221, 2575, 191, 179, 7, 179, 7, 2394142, 29179, 2130353, 25971, 23990272, 215617536, 34079833506, 46011000691, 599549, 1716995, 147716, 605282, 120
2500, 4000, 0, 8, 1.265694852, 0.001364984, 4350, 4817, 1582, 17788, 13396, 2785, 153, 193, 4, 194, 4, 2284879, 26106, 2062394, 23561, 24240128, 215601152, 34096763584, 46022098149, 694457, 1986274, 189230, 710427, 113
2500, 4000, 0, 8, 1.266647684, 0.001495745, 4108, 4559, 1583, 11240, 6843, 2539, 153, 178, 6, 180, 6, 2690429, 33197, 2417532, 29852, 24244224, 215601152, 34076530592, 46004245592, 612023, 1707463, 143333, 618710, 122
2500, 4000, 0, 8, 1.265788915, 0.001477953, 4415, 4921, 1581, 18743, 14337, 2853, 309, 168, 2, 167, 2, 2249510, 25815, 2017234, 23155, 24047616, 215605248, 34100504607, 46029854077, 726211, 2089560, 153239, 729234, 113
2500, 4000, 0, 8, 1.266245876, 0.001412005, 4533, 5012, 1582, 19655, 15244, 2966, 575, 177, 7, 178, 7, 2195874, 25707, 1979273, 23210, 24252416, 215617536, 34099060150, 46028749981, 733883, 2246752, 147015, 737874, 116
3125, 3200, 0, 8, 1.267663944, 0.001328839, 3873, 4327, 1585, 17923, 14327, 2298, 419, 177, 3, 180, 3, 2568016, 33547, 2290703, 29939, 24174592, 215621632, 34089958825, 46023414319, 713481, 2349620, 152471, 711269, 129
3125, 3200, 0, 8, 1.267141345, 0.001220256, 3824, 4332, 1583, 19072, 15411, 2254, 405, 173, 5, 173, 5, 2600724, 32528, 2291384, 28650, 24129536, 215621632, 34094330240, 46027228995, 738437, 2360613, 147069, 745093, 123
3125, 3200, 0, 8, 1.264694228, 0.001262196, 3643, 4085, 1583, 17490, 14140, 2071, 295, 405, 106, 407, 106, 2724348, 29260, 2427476, 26079, 24125440, 215621632, 34097127632, 46023689153, 720473, 2052318, 199859, 716381, 106
3125, 3200, 0, 8, 1.264062332, 0.001164511, 3617, 3963, 1584, 20244, 16979, 2048, 276, 417, 108, 416, 108, 2746538, 28028, 2505587, 25667, 24145920, 215621632, 34111579815, 46032859052, 777649, 2055057, 211552, 787184, 101
3125, 3200, 0, 8, 1.265833163, 0.001291504, 3678, 4173, 1583, 15378, 11747, 2112, 326, 174, 5, 172, 5, 2694486, 31401, 2371975, 27646, 24096768, 215621632, 34092341001, 46020122363, 659658, 2086394, 183766, 659675, 115
3125, 3200, 0, 8, 1.265524734, 0.001252926, 3655, 4161, 1579, 16057, 12436, 2089, 496, 182, 4, 180, 4, 2719078, 30899, 2381984, 27090, 24113152, 215736320, 34097442262, 46021733698, 712285, 2136247, 195770, 702466, 112
3125, 3200, 0, 8, 1.267869566, 0.00134824, 3925, 4503, 1583, 12629, 8906, 2355, 138, 168, 4, 168, 4, 2534417, 33427, 2207869, 29128, 24166400, 215617536, 34085968638, 46020577183, 665923, 2503647, 138625, 677937, 130
3125, 3200, 0, 8, 1.26458889, 0.001235538, 3764, 4287, 1582, 22301, 18875, 2195, 375, 413, 104, 415, 104, 2634307, 28171, 2307101, 24700, 24121344, 215621632, 34103090391, 46032865216, 763779, 2254034, 164796, 766404, 106
3125, 3200, 0, 8, 1.26568403, 0.001194398, 3927, 4305, 1581, 12359, 8813, 2357, 457, 170, 5, 170, 5, 2527514, 29041, 2302533, 26459, 24145920, 215605248, 34082786546, 46018052096, 697609, 2526363, 138679, 712017, 114
3125, 3200, 0, 8, 1.267141398, 0.001451295, 3647, 4193, 1583, 15237, 11556, 2077, 308, 181, 6, 183, 6, 2528436, 31846, 2192015, 27640, 24129536, 215621632, 34100348585, 46023066821, 717813, 2136770, 200921, 715611, 124
5000, 2000, 0, 8, 1.265507136, 0.001217571, 3409, 3841, 1583, 15871, 13491, 1841, 778, 171, 6, 169, 6, 2907812, 32995, 2577952, 29281, 24018944, 215621632, 34085056502, 46023730822, 616108, 2668074, 125145, 609859, 112
5000, 2000, 0, 8, 1.264448343, 0.001109779, 2752, 3223, 1585, 16665, 14254, 1179, 120, 174, 6, 172, 6, 3611741, 38056, 3080642, 32450, 23977984, 215601152, 34107825956, 46026752391, 704875, 2108031, 234485, 697726, 104
5000, 2000, 0, 8, 1.265451769, 0.00123308, 3009, 3491, 1583, 14974, 12519, 1441, 567, 151, 5, 148, 5, 3301063, 37208, 2841864, 32053, 24006656, 215621632, 34093186380, 46025190100, 628126, 2318170, 190329, 635351, 111
5000, 2000, 0, 8, 1.265310874, 0.00134716, 3451, 3952, 1584, 13304, 10844, 1882, 114, 166, 7, 164, 7, 2879071, 31920, 2509333, 27860, 23994368, 215617536, 34084619295, 46023000847, 572752, 2671551, 135701, 567983, 110
5000, 2000, 0, 8, 1.264464576, 0.001104242, 3376, 3798, 1584, 18831, 16480, 1806, 755, 181, 7, 182, 7, 2943151, 31051, 2612384, 27646, 24014848, 215621632, 34088626742, 46033288559, 690096, 2628504, 120986, 703476, 105
5000, 2000, 0, 8, 1.265051465, 0.001151677, 3106, 3500, 1534, 16930, 14862, 1584, 611, 443, 157, 444, 157, 3192605, 35247, 2829711, 31225, 23728128, 213774336, 34102719740, 46027085540, 701976, 2402505, 208136, 707876, 109
5000, 2000, 0, 8, 1.263956715, 0.001288778, 2764, 3181, 1533, 18280, 16166, 1245, 96, 409, 156, 410, 156, 3594587, 35866, 3117052, 31119, 23719936, 213774336, 34102692875, 46018866335, 732239, 2075119, 235675, 747441, 99
5000, 2000, 0, 8, 1.264580665, 0.001157942, 2970, 3371, 1535, 19417, 17324, 1447, 102, 417, 155, 418, 155, 3341057, 35370, 2938958, 31124, 23752704, 213774336, 34108762312, 46033397288, 741547, 2097702, 211988, 767472, 105
5000, 2000, 0, 8, 1.266110145, 0.001091771, 3399, 3863, 1583, 14415, 11997, 1830, 785, 173, 6, 177, 6, 2921030, 34748, 2566638, 30551, 23977984, 215621632, 34084278225, 46021349084, 620437, 2663787, 134421, 626438, 117
5000, 2000, 0, 8, 1.265598667, 0.001096914, 3434, 3887, 1584, 16194, 13801, 1865, 129, 173, 6, 170, 6, 2886984, 33192, 2547170, 29287, 23990272, 215621632, 34083269418, 46025149701, 607803, 2659804, 121426, 606045, 113
6250, 1600, 0, 8, 1.266091855, 0.001222302, 2894, 3255, 1584, 11973, 10062, 1324, 691, 160, 5, 159, 5, 3427606, 39727, 3044200, 35323, 23904256, 215617536, 34083884233, 46025239229, 638400, 3202482, 128678, 634761, 115
6250, 1600, 0, 8, 1.26503664, 0.001002582, 2693, 3167, 1582, 10065, 8061, 1122, 116, 175, 5, 175, 5, 4078213, 45336, 3459086, 38527, 23941120, 215601152, 34074926735, 46016661429, 640901, 2898481, 127417, 640018, 110
6250, 1600, 0, 8, 1.265706128, 0.001023747, 2852, 3286, 1584, 10949, 8962, 1278, 67, 175, 6, 178, 6, 3476598, 40287, 3005320, 34872, 23994368, 215605248, 34081208201, 46018137769, 569334, 3110998, 135239, 582244, 114
6250, 1600, 0, 8, 1.267288033, 0.001064058, 2136, 2607, 1583, 8438, 6455, 569, 345, 176, 2, 178, 2, 4636197, 60486, 3788635, 49484, 23932928, 215605248, 34066617502, 46011227407, 573777, 2170292, 128192, 588087, 129
6250, 1600, 0, 8, 1.264179828, 0.001027998, 2831, 3356, 1584, 12741, 10728, 1261, 693, 182, 7, 179, 7, 3510777, 36046, 2956902, 30497, 23932928, 215605248, 34090349431, 46025568489, 702904, 3103955, 158588, 692014, 102
6250, 1600, 0, 8, 1.266456569, 0.000999881, 1794, 2241, 1584, 7060, 5013, 222, 104, 156, 6, 157, 6, 5523772, 68975, 4389894, 54958, 23953408, 215605248, 34064297434, 46005660677, 538104, 1661738, 121672, 538413, 123
6250, 1600, 0, 8, 1.267349155, 0.001053687, 2731, 3253, 1584, 14023, 11969, 1160, 624, 168, 3, 170, 3, 3633864, 46662, 3047474, 39125, 23949312, 215601152, 34087722662, 46023136181, 619311, 2951370, 173566, 638289, 127
6250, 1600, 0, 8, 1.265267405, 0.001107929, 2965, 3457, 1583, 12135, 10141, 1395, 739, 160, 5, 160, 5, 3348061, 37273, 2861567, 31912, 23973888, 215605248, 34078721577, 46023662538, 627034, 3293950, 117973, 622351, 110
6250, 1600, 0, 8, 1.26591755, 0.001022308, 2850, 3311, 1581, 12750, 10757, 1281, 702, 170, 5, 171, 5, 3482110, 40690, 2989010, 34952, 23916544, 215621632, 34089432863, 46029500003, 656761, 3125547, 146275, 659814, 115
6250, 1600, 0, 8, 1.26547094, 0.001393083, 3020, 3311, 1584, 19548, 17683, 1445, 752, 146, 6, 147, 6, 3292890, 35982, 2992854, 32740, 23977984, 215621632, 34098185387, 46042013398, 749587, 3308938, 125020, 745574, 108
12500, 800, 0, 8, 1.258344208, 0.00094508, 920, 1361, 791, 4545, 3341, 139, 137, 164, 5, 167, 5, 10707910, 65663, 7226517, 44387, 19959808, 185335808, 34050467983, 45997548036, 479201, 1265543, 120683, 485093, 61
12500, 800, 0, 8, 1.259431617, 0.000908622, 976, 1453, 787, 4603, 3396, 198, 195, 183, 5, 182, 5, 10105165, 70644, 6784925, 47538, 19660800, 185356288, 34052485023, 46001232397, 469665, 1314238, 118294, 480175, 70
12500, 800, 0, 8, 1.257981732, 0.000955024, 901, 1411, 793, 4520, 3266, 123, 91, 175, 3, 174, 3, 10945074, 63750, 6965054, 40483, 19681280, 185360384, 34049177158, 45997144651, 462795, 1224327, 115512, 467309, 58
12500, 800, 0, 8, 1.258148473, 0.000877068, 903, 1359, 788, 4305, 3106, 128, 126, 158, 3, 157, 3, 10931495, 65755, 7234908, 43529, 19656704, 185323520, 34045814770, 45996324619, 456879, 1250146, 109639, 465823, 60
12500, 800, 0, 8, 1.259140454, 0.000921317, 1280, 1712, 737, 9084, 8030, 555, 501, 307, 60, 305, 60, 7694005, 49229, 5746113, 36804, 19435520, 183332864, 34070148561, 46013757843, 564550, 1772977, 169542, 567049, 65
12500, 800, 0, 8, 1.259253501, 0.000968531, 1000, 1459, 791, 4904, 3715, 223, 209, 192, 4, 191, 4, 10893939, 74095, 7471181, 50773, 19935232, 185339904, 34055916624, 46001604300, 492526, 1395681, 117592, 490983, 67
12500, 800, 0, 8, 1.258717489, 0.00097998, 910, 1400, 790, 4865, 3644, 134, 130, 179, 4, 177, 4, 10821165, 69693, 7043325, 45413, 19922944, 185397248, 34053640277, 45996546989, 495162, 1316670, 125851, 502623, 64
12500, 800, 0, 8, 1.258591379, 0.000993309, 980, 1433, 790, 4595, 3434, 206, 113, 170, 5, 170, 5, 10026232, 62912, 6858994, 43103, 19693568, 185319424, 34054037305, 46004000712, 492302, 1420494, 120289, 508007, 62
12500, 800, 0, 8, 1.258320999, 0.000973922, 959, 1493, 788, 5050, 3776, 184, 181, 171, 7, 170, 7, 10275076, 63157, 6583150, 40487, 19894272, 185323520, 34054178428, 46001285022, 478686, 1346368, 126443, 490204, 61
12500, 800, 0, 8, 1.260536701, 0.001198917, 1001, 1463, 790, 4867, 3648, 222, 133, 151, 3, 152, 3, 9810030, 74816, 6712156, 51221, 19968000, 185339904, 34050442239, 45995943839, 517956, 1444988, 120814, 523448, 76
15625, 640, 0, 8, 1.257136395, 0.001167799, 791, 1318, 632, 5093, 3987, 170, 70, 187, 4, 188, 4, 12377273, 62201, 7441166, 37430, 19079168, 179474432, 34052448288, 46003969803, 486882, 1269344, 117954, 493442, 50
15625, 640, 0, 8, 1.256968946, 0.000921017, 814, 1355, 629, 4565, 3456, 199, 147, 181, 3, 179, 3, 12098514, 61156, 7262724, 36986, 19116032, 179421184, 34051089005, 45997099270, 477962, 1317314, 118595, 479166, 50
15625, 640, 0, 8, 1.257536452, 0.000901061, 775, 1240, 631, 4184, 3138, 156, 122, 171, 5, 174, 5, 12684528, 70143, 7902715, 43791, 19013632, 179437568, 34054189097, 46000032406, 493271, 1307560, 124120, 508920, 55
15625, 640, 0, 8, 1.256835004, 0.000894362, 786, 1215, 630, 4132, 3102, 168, 165, 159, 5, 158, 5, 12513792, 61952, 8055498, 40057, 19107840, 179437568, 34050482750, 46001453790, 461114, 1262139, 115335, 465914, 50
15625, 640, 0, 8, 1.258406361, 0.000893717, 735, 1284, 629, 3865, 2744, 120, 117, 175, 5, 175, 5, 13290576, 83492, 7635458, 47936, 19120128, 179437568, 34055573641, 46000741439, 501690, 1229477, 118814, 500497, 62
15625, 640, 0, 8, 1.255883942, 0.000942779, 1097, 1556, 581, 8425, 7466, 526, 115, 294, 54, 293, 54, 8965006, 36515, 6311877, 25686, 18796544, 177594368, 34066284787, 46004500587, 553340, 1612206, 164642, 553470, 41
15625, 640, 0, 8, 1.257379273, 0.000880007, 846, 1328, 631, 4595, 3528, 229, 218, 163, 7, 164, 7, 11537275, 62304, 7362042, 39716, 19152896, 179462144, 34055164165, 46005073439, 479871, 1339153, 115073, 480374, 54
15625, 640, 0, 8, 1.256962553, 0.000932374, 823, 1314, 632, 4614, 3520, 204, 201, 171, 5, 171, 5, 11992559, 60049, 7498757, 37620, 19005440, 179511296, 34049706912, 45998991818, 453617, 1275509, 115782, 457390, 50
15625, 640, 0, 8, 1.256637702, 0.000995049, 1103, 1581, 582, 8939, 8002, 533, 89, 284, 53, 288, 53, 8953839, 41190, 6201449, 28598, 18898944, 177614848, 34076292696, 46015212827, 546021, 1600776, 172706, 559072, 46
15625, 640, 0, 8, 1.256376977, 0.000988798, 1016, 1485, 587, 7925, 6994, 444, 264, 275, 47, 276, 47, 9727200, 43267, 6629309, 29630, 18767872, 177872896, 34063241644, 46009470169, 520553, 1514931, 152684, 520664, 44
25000, 400, 0, 8, 1.254095504, 0.000855711, 513, 993, 391, 3425, 2555, 140, 124, 154, 9, 152, 9, 19048366, 53801, 9853971, 27967, 17928192, 170594304, 34047796145, 45998616615, 468014, 1115305, 114301, 453949, 28
25000, 400, 0, 8, 1.254428398, 0.000827954, 570, 1072, 389, 3425, 2587, 197, 197, 167, 5, 167, 5, 17078555, 52729, 9150357, 28406, 17924096, 170590208, 34044164971, 45997329578, 432816, 1120522, 106190, 436307, 31
25000, 400, 0, 8, 1.255410875, 0.000913256, 624, 1097, 389, 4212, 3366, 246, 246, 186, 7, 184, 7, 15700397, 60209, 8949551, 34353, 17903616, 170577920, 34042765788, 45998306055, 442797, 1199700, 105429, 441322, 38
25000, 400, 0, 8, 1.254935962, 0.000858618, 599, 1035, 390, 3899, 3117, 222, 145, 178, 5, 177, 5, 16225819, 56648, 9443273, 32940, 17932288, 170590208, 34048598034, 45998233151, 459338, 1209514, 113355, 464508, 35
25000, 400, 0, 8, 1.254506934, 0.000957058, 609, 1101, 390, 4023, 3180, 231, 145, 155, 5, 154, 5, 16029184, 48046, 8919486, 26719, 17899520, 170590208, 34045808874, 45995920736, 454183, 1167051, 111526, 452092, 30
25000, 400, 0, 8, 1.254721899, 0.000944436, 592, 1105, 392, 4164, 3316, 212, 178, 189, 6, 189, 6, 16497349, 54313, 8857339, 29264, 17920000, 170627072, 34049411034, 46001075023, 477520, 1223185, 119338, 495465, 33
25000, 400, 0, 8, 1.254366453, 0.000890956, 495, 1042, 392, 3551, 2659, 116, 104, 165, 6, 165, 6, 19770055, 60606, 9391301, 28881, 17920000, 170610688, 34033623577, 45975274685, 449419, 1038698, 111195, 445231, 30
25000, 400, 0, 8, 1.253726244, 0.00082358, 1017, 1426, 358, 8073, 7363, 672, 366, 226, 38, 224, 38, 9684475, 23078, 6899315, 16487, 17776640, 169451520, 34063871855, 46010993976, 524859, 1523704, 139176, 527840, 24
25000, 400, 0, 8, 1.254608174, 0.000916965, 562, 1016, 391, 3877, 3075, 186, 176, 154, 5, 156, 5, 17316847, 55267, 9601949, 30740, 17924096, 170577920, 34047786985, 45996300215, 452137, 1189085, 110307, 455970, 32
25000, 400, 0, 8, 1.254852984, 0.000869087, 688, 1186, 391, 4434, 3589, 310, 307, 172, 5, 172, 5, 14216658, 48376, 8263603, 28193, 17977344, 170627072, 34048392929, 46002352104, 448226, 1301247, 105569, 456498, 34
31250, 320, 0, 8, 1.253814658, 0.000881177, 559, 1089, 311, 3844, 3032, 259, 240, 153, 6, 151, 6, 17441959, 45210, 8980540, 23433, 17567744, 167641088, 34052438964, 46001723546, 472114, 1216977, 117899, 474584, 26
31250, 320, 0, 8, 1.253798852, 0.000889892, 453, 905, 310, 3908, 3211, 160, 135, 183, 4, 187, 4, 21502733, 55013, 10774644, 27821, 17547264, 167677952, 34046686667, 45998723937, 475703, 1124698, 116566, 473504, 26
31250, 320, 0, 8, 1.253834937, 0.001081434, 476, 912, 310, 4123, 3440, 179, 137, 153, 4, 153, 4, 20337576, 49862, 10646837, 26198, 17543168, 167628800, 34046100501, 45995278063, 471729, 1106569, 114621, 475041, 24
31250, 320, 0, 8, 1.253901816, 0.000994562, 628, 1137, 312, 4136, 3391, 330, 76, 170, 6, 167, 6, 15548067, 39739, 8637829, 22075, 17522688, 167624704, 34046972502, 45997958581, 465257, 1248361, 118172, 455481, 25
31250, 320, 0, 8, 1.253499123, 0.000844306, 620, 1060, 284, 5367, 4705, 349, 113, 223, 34, 222, 34, 15842358, 35941, 9252468, 21082, 17178624, 166670336, 34051479594, 46002773797, 477187, 1212733, 129402, 488667, 23
31250, 320, 0, 8, 1.255300288, 0.000882137, 528, 938, 310, 3892, 3287, 235, 172, 176, 7, 176, 7, 18357396, 70082, 10351122, 39481, 17506304, 167759872, 34044544005, 45996833481, 442579, 1144801, 103149, 447714, 38
31250, 320, 0, 8, 1.252965133, 0.000956843, 612, 1060, 281, 7591, 6978, 341, 217, 246, 35, 247, 35, 15986585, 28555, 9219663, 16545, 17436672, 166576128, 34061409706, 46008710018, 535423, 1245863, 134597, 535500, 18
31250, 320, 0, 8, 1.25368948, 0.000848591, 468, 934, 310, 3669, 2955, 173, 122, 179, 3, 179, 3, 20842700, 52935, 10465198, 26817, 17534976, 167624704, 34045657545, 45997361247, 436078, 1128344, 112081, 441488, 25
31250, 320, 0, 8, 1.25519133, 0.000842626, 518, 979, 313, 3725, 3005, 219, 144, 178, 5, 177, 5, 18886123, 69257, 10043409, 36930, 17121280, 167665664, 34045643776, 45998888042, 445425, 1159834, 110617, 466502, 37
31250, 320, 0, 8, 1.253619161, 0.000922447, 649, 1081, 286, 5168, 4532, 379, 330, 228, 31, 227, 31, 15036144, 34571, 9032639, 20838, 17387520, 166723584, 34050888241, 45998778594, 475805, 1166194, 133558, 474725, 23
62500, 160, 0, 8, 1.252269592, 0.0007985, 365, 762, 152, 3213, 2702, 227, 145, 161, 6, 161, 6, 24589724, 34033, 11809434, 16527, 16781312, 160698368, 34046578704, 45996489215, 434498, 1091701, 105467, 438036, 14
62500, 160, 0, 8, 1.251961777, 0.000829456, 377, 765, 139, 3846, 3377, 253, 221, 191, 19, 191, 19, 25692297, 27932, 12682793, 13901, 16687104, 160239616, 34044975398, 45999464443, 451011, 1041142, 116353, 448408, 11
62500, 160, 0, 8, 1.253241646, 0.000825292, 356, 799, 150, 3188, 2640, 216, 160, 151, 6, 151, 6, 27286459, 59936, 12265479, 27164, 16732160, 160681984, 34037346749, 45996987790, 411669, 1001637, 95030, 411988, 22
62500, 160, 0, 8, 1.252144078, 0.000844803, 374, 825, 152, 3428, 2875, 241, 140, 174, 9, 175, 9, 25841953, 32942, 11735449, 15098, 16670720, 160731136, 34043023034, 45995315108, 462895, 1081254, 112554, 454407, 13
62500, 160, 0, 8, 1.252408511, 0.000855546, 318, 822, 149, 3460, 2849, 186, 185, 172, 4, 170, 4, 30270384, 45290, 11856041, 18061, 16785408, 160698368, 34038512028, 45992553927, 404328, 984855, 106802, 415807, 15
62500, 160, 0, 8, 1.253675273, 0.000781992, 370, 822, 152, 3280, 2714, 229, 219, 165, 7, 166, 7, 26142090, 66675, 11829176, 30239, 16662528, 160792576, 34039703998, 45992366036, 429287, 1024960, 109421, 444721, 25
62500, 160, 0, 8, 1.253381152, 0.000869804, 439, 984, 152, 3512, 2852, 299, 287, 169, 6, 169, 6, 22132364, 49370, 9890402, 22159, 16793600, 160731136, 34043645174, 45996291042, 455078, 1083205, 113965, 460444, 22
62500, 160, 0, 8, 1.254816513, 0.000847233, 412, 883, 151, 3471, 2869, 272, 256, 141, 4, 144, 4, 23507617, 79166, 10989270, 36987, 16760832, 160735232, 34042887910, 45998140080, 449427, 1050432, 103244, 454778, 34
62500, 160, 0, 8, 1.252098287, 0.000852176, 377, 908, 135, 4062, 3454, 256, 244, 208, 18, 211, 18, 25969204, 32257, 10757565, 13546, 16736256, 161214464, 34045461664, 45995793508, 454089, 1062099, 130280, 453391, 12
62500, 160, 0, 8, 1.252119173, 0.000794359, 428, 827, 149, 3255, 2742, 291, 288, 164, 6, 164, 6, 22844592, 29021, 11787380, 15178, 16633856, 160698368, 34040923588, 45998998659, 414885, 1025889, 101639, 414831, 13
78125, 128, 0, 8, 1.251924861, 0.000789211, 483, 893, 120, 3471, 2985, 375, 219, 157, 5, 156, 5, 20199131, 22452, 10907133, 12285, 16621568, 159535104, 34046631456, 46002047775, 428751, 1067637, 114335, 441563, 11
78125, 128, 0, 8, 1.253152707, 0.0007891, 351, 829, 117, 3340, 2795, 247, 158, 173, 6, 169, 6, 27757079, 59312, 11806712, 25361, 16510976, 159502336, 34048180453, 46000781901, 446916, 1058294, 114361, 458023, 21
78125, 128, 0, 8, 1.25174249, 0.00075424, 370, 768, 106, 3907, 3442, 277, 177, 178, 16, 179, 16, 26260023, 25989, 12647475, 12608, 16588800, 159096832, 33978059184, 45899769126, 465055, 1076209, 110465, 467317, 10
78125, 128, 0, 8, 1.252065773, 0.000776876, 245, 736, 118, 2883, 2304, 142, 135, 158, 7, 160, 7, 38911816, 49015, 13194085, 16847, 16609280, 159518720, 34040962279, 45993871054, 439172, 1015679, 116101, 439611, 13
78125, 128, 0, 8, 1.253241694, 0.000840085, 327, 846, 109, 3486, 2931, 230, 220, 208, 16, 207, 16, 29389769, 64047, 11386633, 25232, 16523264, 159182848, 34036936487, 45993753775, 425266, 972987, 103242, 420800, 22
78125, 128, 0, 8, 1.251657656, 0.000790216, 432, 880, 107, 4115, 3597, 337, 86, 187, 17, 189, 17, 22232634, 20254, 10945326, 10003, 16543744, 159133696, 34046486283, 45998770668, 452767, 1035163, 108359, 449462, 9
78125, 128, 0, 8, 1.251711914, 0.000812254, 400, 875, 109, 4594, 4056, 307, 209, 193, 17, 195, 17, 22032330, 21067, 10183842, 9755, 16539648, 159182848, 34051136730, 45999654420, 480395, 1106447, 122106, 472210, 9
78125, 128, 0, 8, 1.251846469, 0.000785786, 334, 832, 117, 3003, 2435, 230, 228, 167, 6, 170, 6, 28720553, 31878, 11683528, 13008, 16605184, 159535104, 34033699182, 45988450710, 419132, 1021365, 102027, 425765, 11
78125, 128, 0, 8, 1.251727906, 0.000792472, 315, 809, 108, 3420, 2880, 224, 195, 188, 17, 187, 17, 30438672, 29910, 11992137, 11879, 16556032, 159113216, 33980270650, 45901367303, 432646, 998465, 113966, 436479, 10
78125, 128, 0, 8, 1.251851895, 0.000864973, 422, 962, 106, 4505, 3925, 332, 326, 211, 15, 211, 15, 23104305, 23359, 10192422, 10441, 16576512, 159182848, 34047168294, 45999631098, 457494, 1067117, 113005, 468770, 10
125000, 80, 0, 8, 1.253070998, 0.000809687, 301, 810, 70, 3663, 3150, 246, 229, 170, 3, 174, 3, 31636154, 65034, 11948985, 24813, 16375808, 157863936, 34042789538, 46000611121, 428524, 979372, 99489, 434904, 21
125000, 80, 0, 8, 1.251606515, 0.000821159, 247, 773, 71, 2947, 2423, 189, 160, 180, 6, 180, 6, 38788853, 35357, 12650697, 11571, 16363520, 157732864, 34044305187, 46000134011, 435664, 999623, 107769, 432978, 9
125000, 80, 0, 8, 1.251740233, 0.000897919, 251, 711, 71, 2934, 2451, 195, 129, 171, 5, 169, 5, 37638332, 35039, 13681989, 12769, 16375808, 157728768, 34036768453, 45992928394, 422842, 978878, 105771, 442476, 9
125000, 80, 0, 8, 1.251436928, 0.000869207, 284, 764, 64, 3663, 3176, 234, 118, 189, 11, 189, 11, 33854026, 25610, 12727777, 9696, 16252928, 157487104, 34048885186, 45999157564, 438101, 982228, 111755, 434498, 7
125000, 80, 0, 8, 1.251564287, 0.000865857, 296, 713, 72, 3150, 2694, 237, 189, 160, 5, 160, 5, 32245713, 25679, 13593433, 10866, 16330752, 157769728, 33994850489, 45935755559, 420637, 933246, 97963, 419134, 8
125000, 80, 0, 8, 1.25292935, 0.00092828, 506, 909, 71, 3878, 3437, 451, 433, 164, 6, 162, 6, 19202485, 35294, 10647589, 19644, 16359424, 157765632, 34042033459, 45995151246, 444096, 1061602, 105687, 446716, 18
125000, 80, 0, 8, 1.251378772, 0.000764512, 337, 676, 69, 3241, 2856, 279, 159, 152, 6, 152, 6, 28734261, 20234, 14429585, 10259, 16379904, 157868032, 34032581304, 45994129271, 363146, 907801, 92621, 373108, 7
125000, 80, 0, 8, 1.253097501, 0.00082837, 742, 1188, 70, 5239, 4793, 685, 660, 163, 6, 163, 6, 13284833, 26247, 8268612, 16465, 16330752, 157728768, 34046128184, 46004841647, 427323, 1082028, 108083, 431486, 20
125000, 80, 0, 8, 1.252039542, 0.000899295, 357, 769, 66, 4103, 3678, 303, 176, 177, 11, 178, 11, 26688264, 30559, 12553323, 14493, 16363520, 157560832, 34045854208, 45993591273, 446815, 969742, 117921, 446162, 11
125000, 80, 0, 8, 1.251581018, 0.000810688, 254, 737, 70, 3061, 2540, 197, 194, 159, 6, 159, 6, 37547687, 32945, 13109551, 11539, 16355328, 157728768, 34047128188, 45998679382, 444294, 1012027, 113409, 453870, 9
156250, 64, 0, 8, 1.251391065, 0.000787698, 218, 680, 53, 3008, 2526, 181, 171, 166, 2, 169, 2, 42747499, 30962, 14290069, 10626, 16326656, 157196288, 34044526243, 45999650663, 437991, 985417, 111010, 442035, 7
156250, 64, 0, 8, 1.251464544, 0.001032071, 211, 595, 51, 3694, 3311, 172, 108, 166, 10, 165, 10, 45297808, 26564, 16204428, 9700, 16269312, 156991488, 34037131578, 45995016783, 432557, 956133, 106987, 425117, 6
156250, 64, 0, 8, 1.251439242, 0.000827054, 189, 663, 55, 2672, 2189, 144, 108, 171, 7, 171, 7, 50058963, 36232, 14671224, 10711, 16240640, 157138944, 34042415829, 45997759528, 431788, 950714, 106476, 435051, 7
156250, 64, 0, 8, 1.251327834, 0.000755042, 212, 609, 55, 2562, 2141, 167, 167, 152, 4, 154, 4, 44438393, 31424, 15850676, 11314, 16281600, 157179904, 34036361679, 45995996483, 411652, 961884, 95757, 415399, 7
156250, 64, 0, 8, 1.251704629, 0.000902506, 192, 574, 55, 2561, 2149, 146, 116, 143, 5, 143, 5, 49770642, 42894, 16928909, 14869, 16293888, 157192192, 34036735025, 45992076728, 415093, 939883, 97143, 411618, 9
156250, 64, 0, 8, 1.251248208, 0.000846302, 209, 661, 54, 3141, 2679, 169, 112, 170, 10, 169, 10, 45274610, 26969, 14734410, 8919, 16244736, 157069312, 34046330049, 45996805548, 460484, 1010787, 119054, 471517, 6
156250, 64, 0, 8, 1.251485327, 0.000872997, 321, 772, 56, 3154, 2715, 276, 180, 174, 6, 176, 6, 29936177, 22834, 12570990, 9703, 16265216, 157196288, 34041405176, 45995024748, 444394, 1011881, 110757, 448779, 8
156250, 64, 0, 8, 1.251465636, 0.0008869, 186, 550, 56, 2672, 2289, 140, 109, 153, 4, 153, 4, 50870498, 35659, 17554191, 12519, 16293888, 157159424, 34036071779, 45993228918, 420092, 970471, 98400, 417243, 7
156250, 64, 0, 8, 1.251371773, 0.000890198, 224, 768, 49, 3203, 2680, 189, 174, 206, 9, 202, 9, 42945423, 28133, 12724653, 8414, 16191488, 156934144, 34045817716, 45997024457, 443132, 1025701, 121099, 458659, 6
156250, 64, 0, 8, 1.251738039, 0.000771748, 182, 649, 56, 2560, 2072, 137, 114, 151, 3, 152, 3, 50861622, 52061, 14923493, 15318, 16306176, 157196288, 34041562946, 45998349636, 432225, 1015043, 99794, 436139, 10
312500, 32, 0, 8, 0.938590169, 0.000852164, 158, 599, 19, 2397, 1940, 160, 122, 172, 56, 172, 58, 41506881, 21173, 11973185, 6167, 16146432, 155922432, 25544541393, 34512792202, 361437, 852785, 85627, 368906, 5
312500, 32, 0, 8, 1.25102233, 0.000861051, 142, 651, 21, 2700, 2261, 134, 123, 176, 6, 175, 6, 64322954, 28240, 14836462, 6643, 16138240, 155979776, 34041309430, 45998718552, 431898, 924236, 104962, 416367, 4
312500, 32, 0, 8, 1.25109166, 0.000810961, 173, 684, 23, 2848, 2382, 165, 158, 164, 6, 163, 6, 54427979, 26642, 14249459, 7063, 16142336, 156016640, 34038783253, 45994343163, 396234, 917626, 99873, 396194, 5
312500, 32, 0, 8, 1.251279839, 0.000842147, 238, 703, 22, 3268, 2852, 231, 226, 188, 5, 188, 5, 39846120, 25783, 13835693, 9056, 16187392, 155979776, 34042641670, 45997768643, 454684, 1023944, 104143, 455487, 6
312500, 32, 0, 8, 1.251137624, 0.000882064, 178, 682, 22, 3001, 2509, 174, 174, 157, 6, 156, 6, 52118033, 26068, 14200495, 7109, 16113664, 155963392, 34040404655, 45993500210, 423442, 977667, 106753, 431411, 5
312500, 32, 0, 8, 1.251114111, 0.000824714, 194, 717, 22, 2911, 2409, 184, 152, 175, 5, 178, 5, 47556956, 25085, 13431663, 7209, 16175104, 155996160, 34036410662, 45994321507, 405577, 950014, 103239, 414962, 5
312500, 32, 0, 8, 1.251181637, 0.000813101, 234, 665, 23, 3136, 2711, 227, 213, 174, 6, 174, 6, 40516041, 23265, 14592942, 8533, 16142336, 155963392, 34047357964, 45999168795, 456082, 1034258, 109514, 457979, 6
312500, 32, 0, 8, 1.251307519, 0.000840565, 226, 778, 22, 3537, 3070, 214, 200, 189, 5, 190, 5, 41469083, 27976, 12471960, 8510, 16158720, 155996160, 34048686823, 46000134425, 473280, 1045270, 121850, 481341, 7
312500, 32, 0, 8, 1.251264138, 0.000796323, 302, 763, 23, 3151, 2716, 290, 290, 168, 7, 167, 7, 32157005, 20064, 12829751, 8168, 16142336, 156012544, 34039914281, 45992999540, 427284, 955613, 113278, 434664, 6
312500, 32, 0, 8, 1.251496808, 0.001133017, 162, 604, 19, 3541, 3187, 156, 111, 189, 9, 189, 9, 56902710, 32288, 15932797, 9107, 16183296, 155848704, 34047500947, 45993780377, 468171, 994098, 123238, 479245, 5
625000, 16, 0, 8, 1.250906766, 0.0008768, 106, 493, 8, 2150, 1842, 111, 78, 173, 4, 176, 4, 81617262, 25072, 19447898, 6095, 16052224, 155447296, 34043065320, 45998517896, 430381, 920733, 107725, 429510, 3
625000, 16, 0, 8, 1.250925925, 0.000843628, 111, 546, 5, 2475, 2097, 118, 119, 184, 6, 184, 6, 81695853, 28984, 17703240, 6413, 16015360, 155369472, 34033204212, 45988889697, 401376, 957545, 97993, 409979, 3
625000, 16, 0, 8, 1.25094892, 0.000864333, 115, 611, 8, 2668, 2304, 122, 113, 201, 5, 200, 5, 77778522, 30910, 15852987, 6396, 16072704, 155447296, 34040330900, 45992600595, 441294, 927041, 111269, 429222, 4
625000, 16, 0, 8, 1.250980607, 0.000749327, 129, 549, 6, 2799, 2433, 137, 134, 170, 5, 169, 5, 72181816, 30225, 17568152, 7509, 16031744, 155426816, 34037317850, 45996349330, 402138, 910973, 102483, 406264, 4
625000, 16, 0, 8, 1.251054083, 0.000897645, 123, 473, 9, 2542, 2205, 129, 77, 155, 2, 156, 2, 72150862, 27219, 20155525, 7662, 16093184, 155422720, 34038302690, 45994815056, 422070, 919608, 105006, 418951, 4
625000, 16, 0, 8, 1.250964278, 0.000844605, 121, 617, 8, 2645, 2200, 127, 122, 174, 5, 175, 5, 74311667, 28685, 15462442, 6145, 16039936, 155406336, 34039448275, 45994348541, 417802, 946842, 109454, 428415, 4
625000, 16, 0, 8, 1.251084808, 0.000829427, 143, 561, 8, 3037, 2635, 150, 141, 165, 4, 164, 4, 64722198, 30905, 17214611, 8336, 16076800, 155410432, 34039380500, 45994466478, 406560, 905739, 108132, 388613, 5
625000, 16, 0, 8, 1.250899104, 0.000805689, 116, 582, 7, 2629, 2209, 117, 118, 168, 6, 170, 6, 78540850, 29877, 16652302, 6479, 16048128, 155557888, 34046465245, 45999953730, 404286, 912775, 106289, 414585, 4
625000, 16, 0, 8, 1.250927462, 0.000884577, 103, 629, 7, 2487, 1973, 107, 81, 197, 4, 198, 4, 86000626, 30430, 15254047, 5598, 16027648, 155369472, 34042964645, 45993739089, 446869, 1013928, 116346, 454452, 3
625000, 16, 0, 8, 1.250950667, 0.000817846, 126, 570, 9, 2559, 2106, 127, 124, 156, 5, 156, 5, 72833556, 27798, 16969788, 6754, 16039936, 155459584, 34045225401, 45996321938, 441245, 983523, 117452, 445060, 4
